<?xml version="1.0" encoding="UTF-8"?>
<!DOCTYPE hibernate-configuration PUBLIC
		"-//Hibernate/Hibernate Configuration DTD 3.0//EN"
		"http://hibernate.sourceforge.net/hibernate-configuration-3.0.dtd">
<hibernate-configuration>
    <session-factory>
        <property name="hibernate.connection.driver_class">com.mysql.jdbc.Driver</property>
		<property name="hibernate.connection.url">jdbc:mysql://localhost:3306/webtools1</property>
		<property name="hibernate.connection.username">root</property>
		<property name="hibernate.connection.password">shram123</property>

		<property name="hibernate.hbm2ddl.auto">update</property>
		<property name="hibernate.dialect">org.hibernate.dialect.MySQLDialect</property>
		<property name="hibernate.show_sql">true</property>
        
        <mapping class="com.yusuf.pojo.User"/>
               
                        <mapping class="com.yusuf.pojo.Admin"/>
                        
                                <mapping class="com.yusuf.pojo.CartItem"/>
                                        <mapping class="com.yusuf.pojo.Customer"/>
                                                <mapping class="com.yusuf.pojo.Product"/>
                                                        <mapping class="com.yusuf.pojo.Artist"/>
                                                                <mapping class="com.yusuf.pojo.ShoppingCart"/>
                                                                 
    </session-factory>
</hibernate-configuration>
